"empno","firstname","lastname","fullname","password"
"001","Alice","Anderson","Alice Anderson","qwe123"
"002","Bob","Brown","Bob Brown","qwe123"
"003","Carol","Cooper","Carol Cooper","qwe123"
"004","David","Davies","David Davies","qwe123"
"005","Erin","Evans","Erin Evans","qwe123"
"006","Frank","Fox","Frank Fox","qwe123"
"007","Goerge","Green","Goerge Green","qwe123"
"008","Harry","Harris","Harry Harris","qwe123"
"009","Isabella","Irvine","Isabella Irvine","qwe123"
"010","Jack","Jones","Jack Jones","qwe123"
"011","Kate","Knowles","Kate Knowles","qwe123"
"012","Lily","Lewis","Lily Lewis","qwe123"
"013","Max","Morgan","Max Morgan","qwe123"
"014","Nathan","Newman","Nathan Newman","qwe123"
"015","Oliver","Owen","Oliver Owen","qwe123"
"016","Peter","Phillips","Peter Phillips","qwe123"
"017","Quentin","Quinn","Quentin Quinn","qwe123"
"018","Roger","Russell","Roger Russell","qwe123"
"019","Sophia","Simpson","Sophia Simpson","qwe123"
"020","Thomas","Turner","Thomas Turner","qwe123"
"021","Uma","Underhill","Uma Underhill","qwe123"
"022","Violet","Vickers","Violet Vickers","qwe123"
"023","William","Walker","William Walker","qwe123"
"024","Xenia","Xanadu","Xenia Xanadu","qwe123"
"025","Yasmine","Young","Yasmine Young","qwe123"
"026","Zed","Zimmerman","Zed Zimmerman","qwe123"
"027","Aleks","Atkins","Aleks Atkins","qwe123"
